first_name,last_name,email,School,Signed_DBA ,phone_number 
Win,Fairleigh,wfairleigh0@mail.ru,Warren Wilson College,No,54-323-5963
Dorrie,Collingwood,dcollingwood1@imdb.com,Tiffin University,Yes,57-792-7284
Koenraad,Tolerton,ktolerton2@washingtonpost.com,University of Ilorin,No,92-199-5355
Magnum,Tresise,mtresise3@dot.gov,Universidade do Oeste Paulista,No,11-461-8886
Lisabeth,Brosi,lbrosi4@mozilla.com,Pamir University,Yes,41-809-3400
Lev,Petcher,lpetcher5@ebay.com,Tilburg University,Yes,76-935-9323
Sigmund,Merwood,smerwood6@plala.or.jp,Universidad del Valle de Toluca,No,63-095-6820
Denni,Dampier,ddampier7@senate.gov,"Islamic Azad University, Kerman",No,46-315-1611
Cristy,Breward,cbreward8@bizjournals.com,Liverpool Hope University College,No,30-614-6345
Cordelia,Lanphier,clanphier9@wix.com,Cambodia University of Specialties,Yes,92-792-1540
Wolfgang,Tweed,wtweeda@diigo.com,Prince Sultan College for Tourism and Hotel Scinces,Yes,30-994-1311
Alfy,Housen,ahousenb@ca.gov,Mekelle University,Yes,31-732-2887
Edy,Trumper,etrumperc@clickbank.net,Saybrook Institute,No,49-424-8195
Ami,Valentim,avalentimd@illinois.edu,Technical Institute of Dubnica in Dubnica nad Váhom,Yes,56-047-1165
Anthony,Lettington,alettingtone@constantcontact.com,Bangladesh University of Business & Technology,No,38-279-8409
Kiel,Axelbey,kaxelbeyf@independent.co.uk,South China University,Yes,90-220-6149
Edithe,Leebetter,eleebetterg@techcrunch.com,Sadat Institute of Higher Education,No,51-024-4731
Frants,Lamas,flamash@wufoo.com,Bifrost School of Business,Yes,26-847-1864
Erroll,Scammell,escammelli@zimbio.com,Dnepropetrovsk National University of Railway Transport,No,52-764-7581
Meggi,Friel,mfrielj@topsy.com,Breyer State University (Virtual University),No,95-462-1466
Jud,Beven,jbevenk@google.fr,Varna Free University,No,03-230-1188
Grantley,Willans,gwillansl@timesonline.co.uk,Kobe University,No,81-031-0448
Webster,Eginton,wegintonm@opensource.org,National Taiwan University of Science and Technology,Yes,38-899-9005
Merrily,Dobbs,mdobbsn@rediff.com,"Fachhochschule Stuttgart, Hochschule für Technik",Yes,06-928-2112
Rodge,Jeste,rjesteo@bloglines.com,Manuel S. Enverga University Foundation,No,78-105-9037
Lynea,Eslemont,leslemontp@msn.com,"Universidad ""Juan Agustín Maza""",Yes,17-373-3148
Gordy,Hirth,ghirthq@prweb.com,Tiraspol State University,No,92-959-7177
Codie,Gain,cgainr@mapy.cz,East Ukrainian National University,No,88-452-9325
Adda,Timson,atimsons@cmu.edu,Universidade Tecnica de Angola,No,20-672-0796
Niki,Everal,neveralt@netscape.com,Harran University,No,02-160-9663
Minnnie,Kelemen,mkelemenu@independent.co.uk,Hiroshima Kokusai Gakuin University,No,81-452-1941
Roxana,Aitken,raitkenv@symantec.com,Universidad Nacional Jorge Basadre Grohmann,No,94-401-3374
Marcello,Ilyenko,milyenkow@virginia.edu,Ecole Supérieure de Commerce de Lille,No,46-485-8024
Sherlock,Reschke,sreschkex@bbc.co.uk,George Wythe College,No,79-976-3826
Carlynn,Onthank,conthanky@apple.com,University of Maastricht,Yes,99-017-4997
Barbi,Treswell,btreswellz@wired.com,"Islamic Azad University, Tehran Science & Research Branch",No,98-848-9594
Maryjane,Nesbitt,mnesbitt10@netscape.com,Tokyo University of Foreign Studies,Yes,38-948-3484
Walker,Bristow,wbristow11@squarespace.com,Universidad de Murcia,No,66-588-8853
Netty,Lavington,nlavington12@gov.uk,Wonkwang University,No,11-724-7766
Rogerio,Muggleton,rmuggleton13@columbia.edu,Shujitsu Women's University,Yes,62-876-2130
Tabby,Flatt,tflatt14@bloglovin.com,Fachhochschule Kärnten,No,67-665-6156
Nixie,Gilleon,ngilleon15@ihg.com,Perm State Academy of Agriculture,No,49-277-0537
Alvan,Weldrick,aweldrick16@google.cn,University of Northern British Columbia,Yes,36-929-5193
Daniele,Hussy,dhussy17@bluehost.com,Universität Dortmund,No,97-724-1793
Rubina,Korneichik,rkorneichik18@hao123.com,Goddard College,No,43-331-1693
Lucia,Vedeniktov,lvedeniktov19@yellowbook.com,University Oil- Gas Ploiesti,No,51-121-1608
Nissie,Peter,npeter1a@indiegogo.com,All India Institute of Medical Sciences,No,67-600-0998
Harriott,Mabee,hmabee1b@yahoo.co.jp,Universidade do Rio de Janeiro,Yes,64-036-9570
Jabez,Learmonth,jlearmonth1c@cbslocal.com,Brigham Young University Hawaii,Yes,50-280-7094
Oliy,Kempster,okempster1d@aboutads.info,Fountain University,No,51-463-9856
Obediah,Le Quesne,olequesne1e@google.fr,Ozyegin University,Yes,14-447-8930
Levon,McCarle,lmccarle1f@zdnet.com,Philadelphia College of Bible,No,99-382-1318
Andi,Hammel,ahammel1g@symantec.com,Université Kasdi Merbah Ouargla,No,15-452-4559
Ebony,Vossing,evossing1h@paginegialle.it,"Universidad Nacional Experimental Politécnica ""Antonio José de Sucre""",No,69-223-9414
Iggie,Hanmer,ihanmer1i@wix.com,Knowledge International University,Yes,70-883-6067
Genny,Peffer,gpeffer1j@independent.co.uk,Islamic College for Sciences and Technologies,Yes,42-358-6450
Adelaide,Olech,aolech1k@ebay.com,St. Mary-of-the-Woods College,Yes,10-768-2347
Dale,Perrat,dperrat1l@nps.gov,Biola University,Yes,08-684-5673
Melba,Pietroni,mpietroni1m@prlog.org,State University of New York Upstate Medical University ,No,15-175-9037
Tyne,Brash,tbrash1n@timesonline.co.uk,American University of Antigua,No,29-080-8398
Selina,Rudiger,srudiger1o@cafepress.com,COSMIQ Institute of Technology,Yes,47-834-2726
Orton,MacEllen,omacellen1p@photobucket.com,School of Banking and Management in Cracow,No,06-053-7427
Tommy,Clew,tclew1q@usa.gov,Seoul City University,Yes,87-100-3034
Griff,Evitt,gevitt1r@bing.com,National Taichung Teachers College,Yes,13-927-6744
Katuscha,Grellier,kgrellier1s@devhub.com,Veer Kunwar Singh University,No,91-814-5447
Keslie,Airth,kairth1t@ocn.ne.jp,University of Prince Edward Island,No,43-104-8050
Mace,Woodrup,mwoodrup1u@dion.ne.jp,Universidad Motolinía del Pedegral,No,60-568-6406
Anstice,Gilby,agilby1v@topsy.com,Alpha Omega University,Yes,13-250-6001
Karita,Abbet,kabbet1w@shinystat.com,Laurus Technical Institute,No,39-424-1888
Loraine,Fielden,lfielden1x@g.co,University of Massachusetts at Amherst,No,58-589-3036
Barty,Iwanczyk,biwanczyk1y@umich.edu,Universidad Carlos III de Madrid,No,82-060-7497
Artemis,Sieve,asieve1z@e-recht24.de,Universiti Darul Iman,No,49-602-7942
Marji,Purton,mpurton20@ed.gov,Boise Bible College,No,83-715-0530
Chase,Seden,cseden21@narod.ru,Université de Buéa,No,53-943-1914
Rolando,Hartnell,rhartnell22@naver.com,North Maharashtra University,No,87-841-2677
Karee,Signori,ksignori23@google.ru,Loughborough University,Yes,55-461-7242
Christoffer,Humblestone,chumblestone24@live.com,Zhongnan University of Economics and Law,Yes,18-076-1925
Marlane,Bizzey,mbizzey25@cmu.edu,University of Connecticut,Yes,10-697-9012
Tuesday,Osmant,tosmant26@blogspot.com,Centro Universitário de Araraquara,Yes,40-402-3729
Idette,Bamlett,ibamlett27@ted.com,Toin University of Yokohama,No,15-422-5076
Kerwinn,Rosiello,krosiello28@cloudflare.com,Loyola College in Maryland,Yes,56-720-7136
Janet,Casaro,jcasaro29@unicef.org,Arak University of Medical Sciences,Yes,87-118-3359
Rahal,Wye,rwye2a@prnewswire.com,Management and Science University,No,12-771-4950
Ariel,Pasek,apasek2b@apache.org,Westhill University,Yes,90-849-9251
Trudie,Fantone,tfantone2c@wisc.edu,Universidad Nacional del Centro de la Provincia de Buenos Aires,Yes,18-376-8196
Erica,Defew,edefew2d@cnn.com,"Bauchi State University, Gadau",No,89-877-8474
Franchot,Dimitriades,fdimitriades2e@wiley.com,Medical Academy in Lodz,No,79-660-3231
Corey,Crenshaw,ccrenshaw2f@amazon.co.uk,Centro Universitario Villanueva,No,40-145-5438
Judon,Rawdales,jrawdales2g@harvard.edu,Université Gamal Abdel Nasser de Conakry,Yes,94-672-5993
Rebekkah,Theobold,rtheobold2h@printfriendly.com,Universidad de Guadalajara,No,12-206-0810
Terrie,Orrah,torrah2i@ed.gov,Ukrainian Medical Stomatological Academy,No,45-323-4275
Lewie,Adolfson,ladolfson2j@yandex.ru,Plymouth State College,Yes,24-884-7643
Dulce,Kibble,dkibble2k@vinaora.com,University of North Florida,No,17-846-9427
Karoly,Mayler,kmayler2l@dyndns.org,Cape Peninsula University of Technology,No,87-565-7074
Binnie,Swinnard,bswinnard2m@yahoo.com,Université Catholique de Bukavu,Yes,77-025-5914
Alphard,Wais,awais2n@boston.com,Universitas Bung Hatta,No,02-230-8089
Rolland,Moulsdale,rmoulsdale2o@upenn.edu,Universitas Muhammadiyah Jakarta,Yes,74-039-8770
Nickie,Ditty,nditty2p@princeton.edu,Debre Birhan University,Yes,44-096-9699
Carlotta,MacKonochie,cmackonochie2q@joomla.org,Sirte University,Yes,97-460-5129
Sylas,Phebee,sphebee2r@usgs.gov,Kyongju University,Yes,57-000-9177
Mitchell,Ferencz,mferencz2s@newyorker.com,Université Catholique de Lille,No,10-847-9622
Robinetta,Youdell,ryoudell2t@tinyurl.com,Ohio College of Podiatric Medicine,Yes,63-633-4017
Orsola,Pulley,opulley2u@hexun.com,Etisalat University College,Yes,05-183-6158
Saw,Stockow,sstockow2v@reverbnation.com,Internationle Akademie für Philosophie,Yes,57-213-7020
Vito,Muckleston,vmuckleston2w@exblog.jp,Roanoke College,Yes,96-138-9056
Flossy,Tilte,ftilte2x@nyu.edu,Bank Street College of Education,Yes,61-288-3999
Holly,Forty,hforty2y@soup.io,Bar-Ilan University,No,11-122-5411
Sharia,Elcome,selcome2z@hatena.ne.jp,Universidad de Los Llanos,No,78-059-7147
Inger,Barthram,ibarthram30@histats.com,Xiangtan University,No,40-288-2809
Darsie,Weekland,dweekland31@dropbox.com,Belarussian State Agrarian Technical University,No,17-057-9275
Nichole,Joskowitz,njoskowitz32@amazon.de,Universiti Industri Selangor,No,93-376-9510
Cristal,Lillecrop,clillecrop33@topsy.com,Brevard College,Yes,30-623-6722
Weidar,Caseley,wcaseley34@google.it,Women's College of Fine Arts,Yes,03-799-3595
Wat,Givens,wgivens35@jimdo.com,"School of Slavonic and East European Studies, University of London",Yes,74-693-0326
Hynda,Vamplus,hvamplus36@lulu.com,University of Zagreb,No,84-412-5900
Stevena,Ebbetts,sebbetts37@gmpg.org,Georgia College & State University,Yes,96-192-5851
Elnar,Tow,etow38@ow.ly,Port Dickson Polytechnic,Yes,44-779-1750
Ianthe,Ricardet,iricardet39@state.tx.us,Ufuk University,Yes,47-487-6236
Tremayne,Boate,tboate3a@issuu.com,Southern Oregon University,No,28-703-9595
Denice,Romaynes,dromaynes3b@upenn.edu,Saratov State Technical University,No,18-903-9662
Egan,O'Neal,eoneal3c@blogger.com,Isra University,No,84-263-2244
Delcine,Meigh,dmeigh3d@cdbaby.com,University of Livingstonia,Yes,76-169-9197
Curr,Liptrod,cliptrod3e@mac.com,Technical University of Cluj-Napoca,No,07-650-1206
Andromache,Domeney,adomeney3f@ovh.net,University of Guelph,Yes,89-600-2728
Marten,Sieghart,msieghart3g@github.com,Future University,Yes,96-761-8698
Mellie,Dobing,mdobing3h@printfriendly.com,Taeshin Christian University,Yes,20-736-1569
Erik,Vinsen,evinsen3i@deliciousdays.com,Lorestan University of Medical Sciences,Yes,10-821-3348
Thane,Gerber,tgerber3j@wikipedia.org,Redeemer College,No,67-666-9489
Angelo,Mecchi,amecchi3k@themeforest.net,Aikoku Gakuen University,Yes,04-487-4987
Kerwin,Aizic,kaizic3l@howstuffworks.com,Universidad Autónoma de Veracruz Villa Rica,Yes,08-782-0057
Cliff,Mulmuray,cmulmuray3m@cloudflare.com,Pusan National University of Education,No,22-769-6363
Boote,Thomasset,bthomasset3n@domainmarket.com,Al-Farabi Kazakh National University,No,19-449-9271
Leonardo,Strond,lstrond3o@diigo.com,Chang Jung University,Yes,40-837-0469
Nev,M'Quharg,nmquharg3p@sciencedirect.com,Lakeview College of Nursing,No,28-764-7499
Jarrod,Chuney,jchuney3q@soundcloud.com,Universidad Mayor de San Andrés,Yes,02-150-4262
Zelma,Skullet,zskullet3r@cbslocal.com,University of Fribourg,Yes,16-450-6182
Addy,Lanfer,alanfer3s@photobucket.com,Columbia College Chicago,No,48-971-3220
Filmer,Leveret,fleveret3t@harvard.edu,Institut Supérieur d'Agriculture Rhone-Alpes,Yes,68-150-6560
Junie,Casoni,jcasoni3u@cnbc.com,National University of Kaohsiung,No,97-935-6756
Kimbra,Huggon,khuggon3v@dailymail.co.uk,Kharkiv National University of Economics,Yes,06-315-7856
Mommy,Emmott,memmott3w@posterous.com,University of Paisley,No,45-302-1001
Rhys,Dimblebee,rdimblebee3x@vkontakte.ru,University of Wisconsin - Stevens Point,Yes,68-854-0484
Tobias,Cardinal,tcardinal3y@phpbb.com,Epoka University,Yes,33-158-8396
Aldrich,Dury,adury3z@fema.gov,"Royal Danish Academy of Fine Arts, School of Visual Art",No,78-931-4749
Corly,Pettinger,cpettinger40@gov.uk,Hebron University,Yes,52-103-6662
Evie,Abramof,eabramof41@hostgator.com,Institut Sains & Teknologi Akprind,No,07-369-5222
Kerby,Benns,kbenns42@wunderground.com,Universidad José Maria Vargas,No,06-218-2027
Iago,Duker,iduker43@tuttocitta.it,Jordan University of Science and Technology,Yes,55-693-0843
Henderson,Foy,hfoy44@chronoengine.com,Universidad Santa Maria Caracas,No,74-684-8660
Joana,Lawling,jlawling45@posterous.com,Politeknik Negeri Pontianak,No,04-426-1187
Bartholomeus,McLoughlin,bmcloughlin46@linkedin.com,Slovak University of Technology in Bratislava,Yes,96-889-1421
Nate,Dover,ndover47@uol.com.br,Pontificia Universidad Catolica de Chile,Yes,28-398-7870
Mala,Caccavale,mcaccavale48@live.com,Howard Payne University,Yes,67-187-3512
Barri,Rennison,brennison49@seesaa.net,Ecole Normale Supérieure de Paris,No,89-785-0582
Pauly,Gino,pgino4a@123-reg.co.uk,Tabriz College of Technology,No,97-471-8941
Hall,Branigan,hbranigan4b@spiegel.de,Universidad Libre de Colombia,No,70-673-9161
Boony,Caps,bcaps4c@hp.com,Universidad Popular de Nicaragua (UPONIC),Yes,52-494-8465
Felic,Cock,fcock4d@sohu.com,Karaganda State Technical University,No,74-691-3305
Holli,Philipeau,hphilipeau4e@independent.co.uk,Tokoha Gakuen University,Yes,57-642-9713
Nadine,Slinger,nslinger4f@quantcast.com,Fachhochschule Worms,Yes,51-160-3532
Merci,Samsworth,msamsworth4g@ihg.com,Instituto Politécnico do Cávado e do Ave,No,13-699-8337
Jennie,Banasiak,jbanasiak4h@house.gov,Tabriz College of Technology,No,11-645-4696
Sholom,Jackes,sjackes4i@upenn.edu,Universidade Estadual do Norte Fluminense,No,56-819-5741
Gayle,Vader,gvader4j@ebay.com,Universidad Franco-Mexicana,No,16-753-3162
Darci,Calvey,dcalvey4k@360.cn,Royal University of Agriculture,Yes,86-985-4394
Alvira,Eastlake,aeastlake4l@vimeo.com,Universidade Federal de Santa Catarina,Yes,09-586-1614
Nonnah,Anstie,nanstie4m@naver.com,Universiteit Antwerpen Management School,No,33-404-8105
Raviv,Shervil,rshervil4n@yandex.ru,Université de Technologie de Belfort Montbéliard,Yes,21-942-1743
Melvyn,Wisdom,mwisdom4o@youtube.com,Soongsil University,Yes,11-587-6238
Eb,Gehring,egehring4p@studiopress.com,Grodno State Agrarian University,Yes,12-506-0915
Petra,Wooler,pwooler4q@baidu.com,"University College London, University of London",No,84-740-5468
Mallissa,Lenard,mlenard4r@sohu.com,Salem State College,Yes,65-888-6035
Corette,Allin,callin4s@csmonitor.com,Miyagi Gakuin Women's College,Yes,51-737-2539
Lanie,Wallenger,lwallenger4t@npr.org,Riphah International Univeristy,Yes,21-333-2469
Elwyn,Coppledike,ecoppledike4u@engadget.com,University of Pannonia,Yes,55-040-9009
Ebba,Roches,eroches4v@miitbeian.gov.cn,Minot State University,Yes,71-040-3340
Niel,Stutard,nstutard4w@bandcamp.com,"Evangelische Fachhochschule Freiburg, Hochschule für Soziale Arbeit, Diakonie und Religionspädagogik",Yes,09-987-2684
Kaitlynn,Perl,kperl4x@fda.gov,Naval Postgraduate School,Yes,01-970-8302
Winnie,Le Strange,wlestrange4y@businessweek.com,Universidad Metropolitana de Monterrey,Yes,71-899-8897
Colene,Henriquet,chenriquet4z@yellowpages.com,Panzhihua University,Yes,97-474-1019
Cos,Hardington,chardington50@com.com,St. John's University,No,22-717-4558
Emmie,Tomlinson,etomlinson51@mapy.cz,University of Technology Jamaica,No,33-229-8862
Maribel,Birley,mbirley52@independent.co.uk,Universidad Gabriela Mistral,No,83-418-2886
Tally,Luchetti,tluchetti53@sakura.ne.jp,"National Institute of Technology, Trichy",No,78-258-2105
Tabbie,Pegrum,tpegrum54@berkeley.edu,National Pingtung Teachers College,Yes,26-812-5184
Tedi,Greedy,tgreedy55@amazon.com,Fine Arts Academy in Wroclaw,Yes,35-325-9028
Lenka,Band,lband56@house.gov,Iran University of Science and Technology Tehran,Yes,58-620-1667
Natasha,Paff,npaff57@examiner.com,Pennsylvania State University - Schuylkill,Yes,05-190-7328
Tersina,Cunradi,tcunradi58@thetimes.co.uk,EVTEK University of Applied Sciences,Yes,46-888-8477
Bryna,McNaught,bmcnaught59@dion.ne.jp,Fachhochschule Oldenburg/Ostfriesland/Wilhelmshaven,Yes,92-180-8368
Mayor,Gorden,mgorden5a@bbc.co.uk,Universidade Federal de Roraima,No,55-965-3487
Felisha,Purches,fpurches5b@washingtonpost.com,Suwon Catholic University,Yes,38-733-6800
Nerte,Cranmer,ncranmer5c@google.fr,Kawamura Gakuen Woman's University,No,51-130-2579
Jordan,Arnely,jarnely5d@technorati.com,University of Sunderland,No,38-235-2759
Tammi,Ast,tast5e@washington.edu,"Universidad Nacional de La Libertad, Trujillo",No,54-101-5279
Worthy,Froment,wfroment5f@networksolutions.com,Athens Laboratory of Business Administration (ALBA),No,85-872-4145
Bunny,Lee,blee5g@tamu.edu,Kohinoor School of Hospitality Management,No,48-301-8243
Sherry,Eannetta,seannetta5h@buzzfeed.com,Chubu University,No,37-818-5266
Peter,Goodie,pgoodie5i@ted.com,Kendall College,No,80-982-7639
Gail,Sisley,gsisley5j@illinois.edu,Ohio State University - Lima,Yes,89-442-1592
Melisent,Daniello,mdaniello5k@mediafire.com,Universidade do Grande Rio,No,64-878-2681
Hilary,Battleson,hbattleson5l@mediafire.com,"Universiteit Antwerpen, UFSIA",No,58-019-9080
Gino,Gustus,ggustus5m@umn.edu,King's University College,No,86-460-2722
Stephanie,MacConneely,smacconneely5n@hostgator.com,Kossuth Lajos University,Yes,40-761-4807
Alanson,Balog,abalog5o@chicagotribune.com,Breyer State University (Virtual University),Yes,35-898-2313
Lorelei,Fishleigh,lfishleigh5p@miibeian.gov.cn,Regent University,Yes,75-268-9059
Estel,Andrioli,eandrioli5q@blogtalkradio.com,Manipur University,Yes,37-308-5226
Ann-marie,Crossfeld,acrossfeld5r@mapquest.com,City University Programs in Bulgaria ,No,62-465-3507
Heywood,Kilborn,hkilborn5s@moonfruit.com,University College of Saint-Boniface,No,72-970-4800
Baxy,Tireman,btireman5t@gravatar.com,Université de Montpellier II,Yes,76-444-6962
Ardeen,Ewart,aewart5u@last.fm,"Goldsmiths College, University of London",No,49-423-3729
Tiphani,Vawton,tvawton5v@hud.gov,Tokyo Metropolitan University of Health Sciences,Yes,95-322-6368
Guthrey,Neumann,gneumann5w@fastcompany.com,Universidad Panamericana,Yes,82-008-0305
Janeen,Slyde,jslyde5x@squarespace.com,Ryszard Lazarski University of Commerce and Law in Warsaw,No,06-396-8723
Sanders,Dutson,sdutson5y@tuttocitta.it,St. Petersburg State University of Aerospace Instrumentation,No,27-916-1316
Ossie,Petken,opetken5z@nature.com,Universidad Metropolitana de Monterrey,Yes,78-472-4475
Carmon,Quail,cquail60@wp.com,Northeastern State University,No,18-678-8690
Axe,Reneke,areneke61@nbcnews.com,Otsuma Women's University,No,15-852-7931
Maddy,Oxbury,moxbury62@netscape.com,Université Paul Sabatier (Toulouse III),No,99-985-5650
Finlay,Manning,fmanning63@telegraph.co.uk,DePaul University,No,39-631-3612
Sayers,Danilchev,sdanilchev64@eepurl.com,"Islamic Azad University, Semnan",No,93-357-0024
Karlik,McGoogan,kmcgoogan65@businessinsider.com,William Jewell College,Yes,45-550-8754
Benedikta,Peeke-Vout,bpeekevout66@cpanel.net,Bishkek Humanities University,Yes,62-596-2420
Cacilia,Colyer,ccolyer67@buzzfeed.com,Reitaku University,No,53-753-0842
Fran,Boeter,fboeter68@infoseek.co.jp,University of Mobile,Yes,14-845-2139
Rosaline,Warrier,rwarrier69@usgs.gov,Khon Kaen University,Yes,08-529-2292
Adah,Warboys,awarboys6a@apache.org,Second University of Naples,No,15-194-8148
Mahalia,Ruddoch,mruddoch6b@cbslocal.com,Indian Agricultural Research Institute,No,91-497-0985
Selby,Baxendale,sbaxendale6c@google.nl,Tumaini University - Iringa University College,No,31-439-2667
Laurianne,Poundesford,lpoundesford6d@godaddy.com,"Royal Danish Academy of Fine Arts, School of Architecture",Yes,88-825-5553
Casey,Lovegrove,clovegrove6e@alibaba.com,University of Debrecen ,No,00-535-7174
Sabine,Sabate,ssabate6f@imgur.com,Tripura University,Yes,33-360-6561
Carmella,Cordy,ccordy6g@imdb.com,Karakoram International University,No,80-654-8660
Clarabelle,Gorick,cgorick6h@ask.com,Universidad Autónoma de Baja California,Yes,20-759-3256
Berti,Cokely,bcokely6i@boston.com,Kabul Education University,No,98-195-9058
Hadlee,Cowle,hcowle6j@si.edu,Louisiana State University at Eunice,No,79-418-1624
Rebeka,Arnold,rarnold6k@umich.edu,Universitas Jember,No,90-130-3131
Demetri,Priest,dpriest6l@google.com.au,Khabarovsk State Academy of Economics and Law,Yes,67-502-6287
Paulette,Bockman,pbockman6m@prweb.com,Tikrit University,Yes,67-269-8611
Thedrick,Redgate,tredgate6n@typepad.com,Arhangelsk State Technical University,No,52-103-2650
Ivy,Fant,ifant6o@instagram.com,Universidade Estadual do Maranhão,No,35-159-6701
Fabiano,Siddeley,fsiddeley6p@chron.com,Jatiya Kabi Kazi Nazrul Islam University,Yes,24-436-7450
Fred,Acklands,facklands6q@yahoo.co.jp,Johannes-Gutenberg Universität Mainz,No,91-648-1936
Nollie,Bown,nbown6r@china.com.cn,China Pharmaceutical University Nanjing,No,72-602-2366
Neala,Maseyk,nmaseyk6s@studiopress.com,Kumamoto Institute of Technology,No,58-594-5162
Lurlene,Cassar,lcassar6t@wikimedia.org,University of Paisley,No,32-512-6224
Roseann,Wall,rwall6u@rambler.ru,Fondazione Sacro Cuore,No,97-739-9107
Meta,Harewood,mharewood6v@google.com,Fujian University of Traditional Chinese Medicine,No,48-882-5413
Tan,Yablsley,tyablsley6w@hibu.com,Tokai University,No,90-142-8281
Fredrick,McElhinney,fmcelhinney6x@miibeian.gov.cn,Ulsan University,Yes,67-177-7007
Nevin,Misson,nmisson6y@clickbank.net,Scripps College,No,20-202-1677
Thedrick,Biasi,tbiasi6z@gizmodo.com,Inönü University,No,78-982-9621
Woodrow,Kippen,wkippen70@kickstarter.com,Kawasaki Medical School,No,86-825-5772
Vern,Matisoff,vmatisoff71@surveymonkey.com,Aarhus Technical College,No,27-039-1752
Eudora,Adenot,eadenot72@reverbnation.com,Ecole Normale Supérieure de Cachan,No,29-053-2892
Eberto,Wingate,ewingate73@t-online.de,Universidad Autónoma de Fresnillo,Yes,68-590-0185
Meggie,Pownall,mpownall74@vistaprint.com,National Law School of India University,Yes,56-069-1854
Abagael,Yielding,ayielding75@scribd.com,"Islamic Azad University, Mahshar",Yes,04-410-6046
Gabey,Bonifas,gbonifas76@umn.edu,Universidad Nacional Jorge Basadre Grohmann,No,57-411-4079
Lexy,Ludford,lludford77@sitemeter.com,Kyoto Bunkyo University,No,77-547-6649
Ulrika,Braisby,ubraisby78@bing.com,Université Paris Sud (Paris XI),No,11-284-8890
Daveta,Skeene,dskeene79@etsy.com,Lasell College,No,44-301-3729
Enid,Ivanenko,eivanenko7a@arstechnica.com,"Rasmussen College, Illinois Campuses",No,25-672-0071
Douglas,Zanotti,dzanotti7b@google.ru,University of Kota,Yes,91-346-4467
Jereme,Myton,jmyton7c@soup.io,Jimma University,Yes,91-834-1300
Garold,Dunkirk,gdunkirk7d@dailymail.co.uk,University Of Hawaii - System,No,34-290-7090
L;urette,Biggs,lbiggs7e@earthlink.net,West Texas A&M University,Yes,79-512-6914
Patrice,Lamond,plamond7f@census.gov,Pusan National University of Education,No,16-717-2426
Tabatha,Larvor,tlarvor7g@dedecms.com,Takachiho University,Yes,99-386-3902
Bent,Pedwell,bpedwell7h@quantcast.com,Universidad Francisco de Paula Santander,Yes,33-106-0356
Remy,Thirtle,rthirtle7i@shutterfly.com,University of Science and Technology Sana'a,No,42-084-7965
Levi,Lusted,llusted7j@cbc.ca,Pavol Jozef Safarik University in Kosice,Yes,13-379-2690
Tanner,Thicking,tthicking7k@dailymail.co.uk,"Islamic Azad University, Khorasgan",Yes,23-829-2003
Roana,Blanchette,rblanchette7l@google.it,Berklee College of Music,No,60-831-0023
Karissa,Harniman,kharniman7m@ibm.com,Phranakhon Si Ayutthaya Rajabhat University,Yes,60-056-4086
Carol-jean,Ennals,cennals7n@privacy.gov.au,Universidad del Salvador,Yes,60-161-8466
Dulce,Danaher,ddanaher7o@usatoday.com,National Yunlin University of Science and Technology,Yes,03-720-7645
Godard,Boustred,gboustred7p@reference.com,Hokkaigakuen University,No,68-274-7571
Sonny,Bryant,sbryant7q@blogs.com,L.N. Gumilyov Eurasian National University,No,80-848-9435
Malchy,Auton,mauton7r@hud.gov,Point Park College,No,02-863-9810
Richard,Matisoff,rmatisoff7s@yellowpages.com,Weizmann Institute of Science,No,43-151-7719
Nikolos,Lamy,nlamy7t@wsj.com,Karelian State Pedagogical University,No,34-337-8676
Meris,Tremmel,mtremmel7u@cargocollective.com,Dhaka International University,Yes,70-591-6708
Kayla,Hayden,khayden7v@ucoz.ru,Qingdao University,Yes,78-551-2861
Bradly,Khoter,bkhoter7w@privacy.gov.au,Universidad Bolivariana,No,68-899-5480
Rees,Ritelli,rritelli7x@163.com,Academy of Arts in Banská Bystrica,Yes,83-789-4828
Jose,Meran,jmeran7y@cnet.com,"Institute of Architecture ""Ion Mincu"" Bucharest",Yes,79-174-1156
Anatole,Pablo,apablo7z@blogger.com,Southern New Hampshire University,No,61-446-0767
Madlen,Slimings,mslimings80@weibo.com,"Fachhochschule Landshut, Hochschule für Wirtschaft - Sozialwesen - Technik",No,12-077-4732
Sascha,Mcmanaman,smcmanaman81@imgur.com,Instituto Universitario de Estudios Navales y Marítimos,Yes,72-938-3321
Hanna,Ashness,hashness82@nymag.com,University of Media Arts,No,16-167-1352
Bail,Mannie,bmannie83@tinypic.com,Universidade Federal Fluminense,No,62-020-0033
Erhart,Ducket,educket84@admin.ch,University of Alaska - Fairbanks,No,87-155-0896
Caz,Itscowics,citscowics85@sitemeter.com,University of Sydney,No,91-340-9857
Carlyn,Brinkley,cbrinkley86@booking.com,Fachhochschule Koblenz,No,51-680-5289
Ruy,Tomek,rtomek87@ehow.com,Universidad Anáhuac del Sur,No,96-075-7559
Pattie,London,plondon88@ucla.edu,Volgograd State Academy of Physical Education,Yes,39-164-1003
Mariette,Burghall,mburghall89@squarespace.com,Lane College,Yes,74-929-3366
Mercie,Rickford,mrickford8a@paypal.com,Northwest University,No,08-711-1818
Bernadene,Mayers,bmayers8b@topsy.com,Blue Mountain College,No,95-061-7908
Martha,Calliss,mcalliss8c@google.com,Universidad Autónoma Latinoamericana,No,43-287-4947
Ines,Birk,ibirk8d@paypal.com,Escuela Nacional de Estudios Superiores Unidad León,Yes,86-627-7191
Nert,Allawy,nallawy8e@hhs.gov,Hahnamann Honoeopathic Medical College,Yes,21-101-2200
Ardyce,Bourne,abourne8f@unesco.org,Krasnoyarsk State Technical University,Yes,77-524-7061
Abel,Gruczka,agruczka8g@china.com.cn,United States Naval Academy,Yes,06-531-2382
Connor,Cowitz,ccowitz8h@umn.edu,Lithunian Institute of Physical Education,No,87-294-3268
Helge,Giacobazzi,hgiacobazzi8i@yale.edu,Southwestern College Kansas,No,97-961-3905
Mannie,Fullilove,mfullilove8j@patch.com,Florida Institute of Technology,Yes,33-487-4152
Gary,Maharey,gmaharey8k@hostgator.com,Ho Chi Minh City University of Natural Sciences,Yes,04-728-7615
Chantalle,Jenney,cjenney8l@utexas.edu,University of San Diego,No,58-655-0304
Crosby,Goodoune,cgoodoune8m@icio.us,Saratov State Medical University,Yes,27-646-1535
Georgi,Akast,gakast8n@dell.com,Angeles University,Yes,14-305-8348
Alf,Pedlingham,apedlingham8o@vinaora.com,Wakkanai Hokusei Gakuen University,No,02-021-3363
Christopher,Bratch,cbratch8p@soundcloud.com,The College of The Bahamas,No,21-632-7377
Zola,Atwill,zatwill8q@meetup.com,Pangasinan State University,No,63-349-5412
Patsy,Joddens,pjoddens8r@soup.io,Universidad Autónoma Metropolitana - Xochimilco,No,79-405-3068
Florence,Hamon,fhamon8s@npr.org,Brandeis University,No,99-775-6957
Putnam,Sallarie,psallarie8t@craigslist.org,Menoufia University,Yes,62-763-0875
Kendre,Linde,klinde8u@harvard.edu,National Research University of Electronic Technology,No,75-418-3354
Quinn,Douglas,qdouglas8v@webmd.com,Buena Vista University,No,44-422-1253
Salvatore,Leathart,sleathart8w@facebook.com,New Bulgarian University,Yes,60-565-8756
Dael,Bendixen,dbendixen8x@state.tx.us,University of Da Lat,No,86-190-6807
Ian,Silk,isilk8y@dmoz.org,Saga Medical School,No,43-795-0380
Eduardo,Straniero,estraniero8z@virginia.edu,LICCSAL Business College,Yes,57-963-4518
Violette,Leggott,vleggott90@angelfire.com,Coker College,Yes,37-208-4612
Frannie,Jansema,fjansema91@ocn.ne.jp,University of Medicine and Pharmacy of Iasi,No,56-745-0921
Kimberlyn,Gurnee,kgurnee92@ocn.ne.jp,Menoufia University,No,42-885-0966
Noel,Reeman,nreeman93@surveymonkey.com,Rheinisch Westfälische Technische Hochschule Aachen,Yes,05-276-3143
Marlie,Jorissen,mjorissen94@pbs.org,Southern Wesleyan University,Yes,34-090-2636
Trumann,Gallally,tgallally95@rambler.ru,Simpson College Iowa,Yes,38-764-1834
Jo,Douglass,jdouglass96@51.la,Oita University,Yes,82-671-9054
Ulric,Satteford,usatteford97@skyrock.com,Tokyo Metropolitan University,Yes,09-702-1948
Crystie,Doorey,cdoorey98@kickstarter.com,Prague International University,Yes,43-540-0152
Phineas,Eloy,peloy99@google.it,Universidade Autónoma de Lisboa Luís de Camoes,No,08-047-3632
Piggy,Roder,proder9a@wikia.com,National Academy for Physical Education and Sports Bucharest,No,43-914-3707
Pablo,Denyukin,pdenyukin9b@amazon.de,Universidad de Celaya,No,50-883-3526
Shannen,Tarbard,starbard9c@pagesperso-orange.fr,High Point University,No,77-080-9258
Coral,Daudray,cdaudray9d@columbia.edu,William and Catherine Booth College,No,90-184-3846
Barbie,Drissell,bdrissell9e@de.vu,Yonsei University,Yes,81-743-1933
Flor,Theyer,ftheyer9f@drupal.org,"Veliko Turnovo University ""Cyril and Methodius""",No,07-219-0546
Lin,Nutbrown,lnutbrown9g@altervista.org,Holy Names College,Yes,19-215-8314
Virgie,Le Breton De La Vieuville,vlebretondelavieuville9h@blog.com,Universidad del Mayab,Yes,03-112-3986
Udall,Santora,usantora9i@pagesperso-orange.fr,John Brown University,No,39-545-0627
Rahal,Bruty,rbruty9j@google.co.uk,Universidad de Montemorelos,Yes,49-325-8582
Astrid,Blazek,ablazek9k@cocolog-nifty.com,University of Technology,Yes,43-030-9338
Nancey,Riveles,nriveles9l@addtoany.com,Al-Ahliyya Amman University,Yes,51-014-5148
Osborne,Ruckman,oruckman9m@omniture.com,Universidade Estadual do Maranhão,Yes,67-520-1958
Ernestine,Rawlyns,erawlyns9n@is.gd,Facultés Universitaires Saint-Louis,No,21-795-2423
Caro,Zeplin,czeplin9o@cnet.com,Kingston College,Yes,97-238-6833
Stern,Landsbury,slandsbury9p@usa.gov,University of Zambia,Yes,78-540-0151
Gualterio,Kinner,gkinner9q@ucsd.edu,Hasselt University,No,34-838-9285
Godfry,Cuffley,gcuffley9r@indiegogo.com,Konan University,Yes,25-488-5706
Cornall,Pawelec,cpawelec9s@wsj.com,Universidad Nueva Esparta,No,64-844-4323
Kelwin,Girodias,kgirodias9t@pinterest.com,Universidad Privada Abierta Latinoamericana,No,57-550-9218
Claresta,Berick,cberick9u@homestead.com,Jadavpur University,No,13-277-0049
Alistair,Duffell,aduffell9v@meetup.com,"Federal University of Technology, Minna",Yes,58-560-0375
Bartram,Szreter,bszreter9w@tinyurl.com,University of New Hampshire,No,99-322-4057
Liliane,Accomb,laccomb9x@paginegialle.it,University of San Marino,No,80-564-6959
Alexine,McIlmorow,amcilmorow9y@wisc.edu,University of Sadat City,No,26-571-1322
Julina,Eck,jeck9z@edublogs.org,LICCSAL Business College,No,60-623-0476
Bary,Sweynson,bsweynsona0@mozilla.org,Technische Universität München,No,38-699-0668
Jocelyn,Smethurst,jsmethursta1@histats.com,Moscow State University,Yes,71-373-9374
Mack,Iacabucci,miacabuccia2@stumbleupon.com,Nangarhar University,Yes,89-683-3365
Paolo,Minerdo,pminerdoa3@mozilla.com,University of West Bohemia,Yes,05-945-8571
Aubine,Aphale,aaphalea4@smh.com.au,Komsomolsk-on-Amur State Technical University,No,79-061-0529
Johan,Hakey,jhakeya5@mlb.com,"University of Education, Winneba",No,88-986-5752
Siouxie,Bartels-Ellis,sbartelsellisa6@berkeley.edu,Chongqing Vocational College of Public Transportation,No,71-728-3628
Jannel,Le Grand,jlegranda7@wsj.com,Ittihad Private University,No,33-120-3271
Jacquetta,Euler,jeulera8@irs.gov,Wittenberg University,Yes,64-811-3069
Lacie,Ishchenko,lishchenkoa9@cam.ac.uk,Okayama Shoka University,Yes,59-150-0174
Cicely,Plascott,cplascottaa@cbc.ca,Nagoya Economics University,No,28-226-5476
Tris,MacRonald,tmacronaldab@salon.com,Shandong University of Triaditional Chinese Medicine,Yes,82-890-6948
Pet,Echallie,pechallieac@xinhuanet.com,Universidad de Hermosillo,Yes,63-948-9601
Alfreda,Jillins,ajillinsad@patch.com,Hiroshima City University,Yes,07-749-6515
Caitrin,Fortin,cfortinae@biglobe.ne.jp,University of Dubuque,Yes,10-586-6133
Arte,Olander,aolanderaf@cafepress.com,Institute of Paper Science and Technology,Yes,36-684-2351
Chanda,Bartosiak,cbartosiakag@eventbrite.com,Kitasato University,No,22-260-3596
Georgie,Sines,gsinesah@friendfeed.com,Lamar University - Port Arthur,No,44-859-5051
Danyette,Thirlwell,dthirlwellai@ocn.ne.jp,Universitas Andalas,Yes,62-519-3774
Ringo,Abley,rableyaj@house.gov,Ecole Nationale Supérieur des Ingénieur des Etudes et Techniques d'Armement,No,15-658-6595
Packston,Moulson,pmoulsonak@nps.gov,Universidad Metropolitana Castro Carazo,Yes,26-596-3216
Gian,Philliphs,gphilliphsal@360.cn,The Robert Gordon University,Yes,24-764-9685
Dorey,Epilet,depiletam@indiegogo.com,University of Central Arkansas,No,32-394-2576
Hermann,Chown,hchownan@newyorker.com,Beder University,Yes,87-893-0774
Anselm,Duffrie,aduffrieao@berkeley.edu,Bharathiar University,No,44-604-3409
Ginevra,Bridal,gbridalap@mozilla.com,Smolny University,No,98-338-1823
Herman,Whitelaw,hwhitelawaq@infoseek.co.jp,Molde University College,No,27-914-9685
Gussi,Gilardone,ggilardonear@sbwire.com,Tokyo Women's College of Physical Education,No,92-544-4351
Carmelita,Argontt,cargonttas@discovery.com,Scripps College,Yes,97-225-0057
Alejandro,Allon,aallonat@wordpress.org,Rockhurst College,No,86-781-2903
Clifford,Hellwig,chellwigau@google.de,Osaka University of Economics & Law,Yes,18-086-5992
Elli,Huskinson,ehuskinsonav@hatena.ne.jp,Universidad Cuauhtémoc,No,50-116-1699
Bogart,Mallord,bmallordaw@topsy.com,"Courtauld Institute of Art, University of London",No,50-458-9866
Brigit,Wheble,bwhebleax@jalbum.net,Fundación Universitaria Manuela Beltrán,Yes,84-737-4870
Milton,Stoodale,mstoodaleay@goodreads.com,Ecole Nationale Supérieure de Physique de Marseille,Yes,79-916-7013
Sheff,Oglesbee,soglesbeeaz@google.co.uk,University of Cyprus,Yes,52-002-0184
Blanch,Pridie,bpridieb0@wikipedia.org,Fundación Universitaria de Boyacá,No,58-882-3046
Cull,Rawnsley,crawnsleyb1@chronoengine.com,University of Maryland at College Park,Yes,47-169-3850
Maryellen,Doughartie,mdoughartieb2@zdnet.com,"Universidad de Puerto Rico, Ponce",Yes,12-864-6630
Laurice,Vogel,lvogelb3@ibm.com,Shujitsu Women's University,Yes,90-330-9955
Allen,Arend,aarendb4@yahoo.co.jp,Gdynia Maritime Academy,Yes,44-176-2887
Vail,Croce,vcroceb5@histats.com,University of Macau,No,42-529-3776
Gertrude,Lefwich,glefwichb6@google.nl,University of Art and Design Helsinki,No,22-215-5821
Jobi,Pluthero,jplutherob7@bbb.org,University of Pangasinan,No,68-903-1704
Lotti,Sewart,lsewartb8@list-manage.com,Universidad Fundepos Alma Mater,Yes,15-383-0625
Jamey,Minithorpe,jminithorpeb9@google.de,University of Oregon,No,40-288-4173
Rosemary,Allman,rallmanba@artisteer.com,Universidad Autónoma Juan Misael Saracho,Yes,21-204-1983
Ashlin,Bernardino,abernardinobb@discuz.net,Ahmedabad University,Yes,46-734-4701
Con,Berntsson,cberntssonbc@ask.com,Mars Hill College,Yes,46-882-0246
Dimitri,Berryann,dberryannbd@ebay.com,Primier International University Perak,Yes,72-196-8154
Janka,Boow,jboowbe@instagram.com,Universidad del Centro de México,Yes,62-981-4734
Giavani,Lindgren,glindgrenbf@plala.or.jp,Seinan Gakuin University,Yes,06-787-7965
Risa,Sheer,rsheerbg@wordpress.org,Science University of Tokyo in Yamaguchi,No,58-859-5646
Dane,Kitchingham,dkitchinghambh@yellowbook.com,Kyoto City University of Arts,No,79-129-8461
Eddie,Girard,egirardbi@oaic.gov.au,University of Texas at Brownsville,Yes,34-039-8449
Marshall,Worham,mworhambj@mtv.com,Agricultural-Technical Academy in Olsztyn,Yes,77-464-4430
Elbertina,Souter,esouterbk@4shared.com,Kilis 7 Aralık University,No,38-658-7964
Grove,Cornforth,gcornforthbl@instagram.com,Breyer State University (Virtual University),No,30-489-7244
Dan,Gooms,dgoomsbm@pagesperso-orange.fr,University of Sharjah,No,22-283-6540
Elvyn,Bury,eburybn@ihg.com,University of St. Gallen,No,43-168-8918
Dawna,Jeanet,djeanetbo@sina.com.cn,Chonnam National University,No,16-883-6386
Hercule,Skirling,hskirlingbp@myspace.com,Nagoya University,Yes,87-233-5936
Rhodia,McTavy,rmctavybq@disqus.com,Mount Vernon Nazarene College,No,27-193-0280
Markos,Kolakowski,mkolakowskibr@webs.com,Rajasthan Technical University,Yes,32-732-9158
Farlee,Dandy,fdandybs@scientificamerican.com,Bellarmine College,No,95-076-2749
Nola,Cardenoza,ncardenozabt@wiley.com,Tunku Abdul Rahman University (Chinese University),Yes,05-388-2302
Margie,Copnar,mcopnarbu@pinterest.com,University of Akureyri,No,47-330-5260
Rhys,Challener,rchallenerbv@flickr.com,International University of Travnik,Yes,48-098-4651
Valerye,Trewhela,vtrewhelabw@naver.com,Tufts University,Yes,78-142-7658
Opaline,Purrier,opurrierbx@bigcartel.com,Korea National University of Education,Yes,15-873-1119
Melody,Vance,mvanceby@ocn.ne.jp,Anderson College,Yes,37-749-8145
Linoel,Saunderson,lsaundersonbz@yandex.ru,Bank Street College of Education,No,33-851-2228
Reggy,Moiser,rmoiserc0@cisco.com,Universiti Industri Selangor,No,41-627-2369
Blanch,Dietzler,bdietzlerc1@infoseek.co.jp,Valahia University of Targoviste,Yes,76-676-3610
Torre,Vigors,tvigorsc2@sohu.com,National Chung Cheng University,No,87-723-7584
Benji,MacCorley,bmaccorleyc3@wp.com,Universidad de las Américas (ULAM),Yes,48-972-6770
Barbi,Purbrick,bpurbrickc4@yandex.ru,Wolaita Sodo University,Yes,03-303-6038
Dorine,Dowsett,ddowsettc5@woothemes.com,Heisei International University,Yes,31-423-1575
Sharlene,Deery,sdeeryc6@mail.ru,Institut Supérieure d'Electronique de Paris,No,57-658-1053
Locke,Writtle,lwrittlec7@miitbeian.gov.cn,Kendall College of Art and Design,No,49-726-0046
Rollo,Soigoux,rsoigouxc8@tiny.cc,University of Wisconsin - La Crosse,Yes,01-061-7257
Nance,Hanstock,nhanstockc9@ucoz.com,Ecole Supérieure de Commerce de Lyon,No,07-331-6769
Normand,Seager,nseagerca@foxnews.com,International Ataturk Alatoo University,No,78-058-7543
Dud,Mostyn,dmostyncb@blog.com,Ruprecht-Karls-Universität Heidelberg,Yes,39-336-3542
Derron,Dennett,ddennettcc@topsy.com,Aventis School of Management,Yes,97-920-8030
Isabel,Pillman,ipillmancd@odnoklassniki.ru,Universidad Agroforestal Fernando A.Meriño,Yes,22-875-6437
Faith,Brogiotti,fbrogiottice@networksolutions.com,Kyushu University,No,49-738-8632
Julius,Friel,jfrielcf@reference.com,University of Tampa,No,41-082-5978
Tommie,Gilroy,tgilroycg@usatoday.com,"Islamic Azad University, Gorgan",No,19-389-1210
Carmine,Nouch,cnouchch@macromedia.com,Egerton University,No,20-853-9771
Mart,Bogaert,mbogaertci@chron.com,Universidad Peruana de Ciencias e Informática,No,16-817-2222
Agnella,Copper,acoppercj@seesaa.net,"Troy University, Montgomery",No,71-662-7673
Ruddy,Mc Queen,rmcqueenck@sohu.com,St. Augustine University of Tanzania,No,06-571-5954
Alfred,Berthome,aberthomecl@cnn.com,Bangalore University,No,12-422-9809
Bambi,Searight,bsearightcm@a8.net,Chengdu Institute of Sichuan International Studies University,Yes,85-999-6265
Rosene,Westwood,rwestwoodcn@mapy.cz,University of Warwick,Yes,38-253-5963
Seumas,Borthe,sbortheco@tamu.edu,Medical College of Ohio,Yes,93-062-0748
Cristabel,Savell,csavellcp@sourceforge.net,Sabzevar Teacher Training University,No,98-610-1483
Valentin,Cuncarr,vcuncarrcq@gizmodo.com,Yemenia University,No,06-386-0801
Lori,Eveque,levequecr@comsenz.com,Franklin and Marshall College,No,84-913-0201
Gaylene,Clausson,gclaussoncs@senate.gov,Florida Agricultural and Mechanical University,Yes,89-154-1941
Minda,Cradick,mcradickct@etsy.com,University of Bergamo,No,15-038-0746
Shaina,Sissons,ssissonscu@barnesandnoble.com,Southern Wesleyan University,Yes,86-189-7963
Kaile,Exer,kexercv@mayoclinic.com,Kandahar University,Yes,74-081-8049
Marketa,Furmston,mfurmstoncw@china.com.cn,Tafila Technical University ,No,84-168-9794
Monica,Beavis,mbeaviscx@tiny.cc,Sindh Madressatul Islam University,No,79-379-9723
Lodovico,Cruttenden,lcruttendency@reddit.com,Hungarian Academy of Fine Arts Budapest,No,83-557-3245
Ted,Guiel,tguielcz@mozilla.org,Morrison College,No,92-800-6592
Aimee,Vasnev,avasnevd0@csmonitor.com,Central Institute of English and Foreign Languages,Yes,24-732-0657
Gabriell,Bollen,gbollend1@senate.gov,Australian Defence Force Academy,Yes,35-798-8948
Linnie,Dunkerley,ldunkerleyd2@omniture.com,Fielding Institute,Yes,08-244-5641
Uri,Will,uwilld3@freewebs.com,Universidade de Tras-os-Montes e Alto Douro,No,71-299-9886
Georges,Culverhouse,gculverhoused4@paypal.com,Uganda Martyr's University,No,90-373-3324
Darryl,Grandin,dgrandind5@hp.com,University of Chemical Technology and Metallurgy,Yes,34-700-2786
Adlai,Brideau,abrideaud6@blogtalkradio.com,"California State University, Los Angeles",Yes,41-450-7157
Kenna,Gotecliffe,kgotecliffed7@unc.edu,Pyongyang University of Science and Technology,Yes,96-623-6640
Beryl,Fellgatt,bfellgattd8@weebly.com,Technical University of Lodz,Yes,67-109-6579
Ivette,Gabotti,igabottid9@flavors.me,University of Ilorin,Yes,40-674-9588
Roy,Jozefowicz,rjozefowiczda@multiply.com,Karachi Institute of Information Technology,Yes,92-200-2764
Nelson,Tattam,ntattamdb@google.fr,Thi Qar University,No,65-286-5277
Henriette,Josephsen,hjosephsendc@cocolog-nifty.com,Politeknik Negeri Bandung,Yes,39-460-7382
Phelia,Philimore,pphilimoredd@4shared.com,East Stroudsburg State University,No,11-187-3638
Nancy,Gallant,ngallantde@people.com.cn,Tokyo University of Agriculture,Yes,67-332-7028
Wilt,Coffin,wcoffindf@huffingtonpost.com,Warsaw School of Information Technology,No,87-145-7778
Thurstan,Leamy,tleamydg@tripod.com,Penang International Dental College,Yes,39-595-0590
Any,Piecha,apiechadh@51.la,Central Ostrobothnia University of Applied Sciences,Yes,10-891-9258
Samantha,Bowring,sbowringdi@usa.gov,"St.Patrick's International College, London",No,21-407-6417
Horacio,Tasseler,htasselerdj@mail.ru,University of Macerata,Yes,82-761-6185
Emmalee,Cumo,ecumodk@etsy.com,Chongqing Three Gorges University,No,01-759-0288
Kial,Huie,khuiedl@spotify.com,Wolkite University,Yes,90-914-0117
Phoebe,Warrillow,pwarrillowdm@mail.ru,Clarion University,No,07-516-7241
Vilhelmina,Tillard,vtillarddn@youtu.be,Dongguk University,No,15-910-2104
Orbadiah,Macconaghy,omacconaghydo@51.la,Universidad Cristiana de las Asambleas de Dios,Yes,23-645-1298
Mayor,Cathie,mcathiedp@noaa.gov,Helsinki School of Economics and Business Administration,Yes,32-978-1553
Ginger,Gouny,ggounydq@theglobeandmail.com,University of Pecs,Yes,54-624-4687
Jermaine,Antalffy,jantalffydr@yolasite.com,Menlo College,Yes,45-663-6535
Cobby,Moncreiffe,cmoncreiffeds@cam.ac.uk,Universidad Autónoma de Manizales,No,12-345-9203
Tymon,Kohnemann,tkohnemanndt@intel.com,Université d'Evry Val d'Essonne,No,70-465-6688
Christen,Beckett,cbeckettdu@howstuffworks.com,Technological University (Taungoo),No,36-015-9343
Wilden,Mulbery,wmulberydv@nifty.com,Universidad Valle del Grijalva,Yes,68-912-8219
