first_name,last_name,email
Serena,Ruddell,sruddell0@reuters.com
Cheryl,Cockle,ccockle1@psu.edu
Nadean,Oscroft,noscroft2@ft.com
Skippy,Sangster,ssangster3@diigo.com
Eda,Griswaite,egriswaite4@51.la
Norah,Lehmann,nlehmann5@rakuten.co.jp
Adelle,Gillicuddy,agillicuddy6@cornell.edu
Trey,Tansly,ttansly7@adobe.com
Brandy,Whitecross,bwhitecross8@answers.com
Aland,McGrane,amcgrane9@mozilla.org
Ellie,Steedman,esteedmana@flavors.me
Ingeborg,Joannidi,ijoannidib@ucoz.ru
Melony,Abel,mabelc@lulu.com
Mildred,Bendtsen,mbendtsend@ca.gov
Sherlock,Beneze,sbenezee@psu.edu
Denice,Jell,djellf@redcross.org
Harriette,Guidotti,hguidottig@youtube.com
Bunnie,Igounet,bigouneth@wp.com
Marena,Bines,mbinesi@mac.com
Aubrey,Creaven,acreavenj@washingtonpost.com
Janene,Grishankov,jgrishankovk@epa.gov
Nananne,Wyse,nwysel@g.co
Port,Scase,pscasem@sourceforge.net
Wat,Ballingal,wballingaln@google.ru
Harman,Wilber,hwilbero@hp.com
Kayle,Kaaskooper,kkaaskooperp@canalblog.com
Emanuel,Peron,eperonq@xing.com
Dal,Du Plantier,dduplantierr@archive.org
Ulises,Masedon,umasedons@seattletimes.com
Nancie,Fessions,nfessionst@wiley.com
Dell,Gluyus,dgluyusu@cafepress.com
Michell,Tuckley,mtuckleyv@ehow.com
Ryann,McClintock,rmcclintockw@ocn.ne.jp
Gweneth,Sibyllina,gsibyllinax@columbia.edu
Neal,Keep,nkeepy@dyndns.org
April,Debold,adeboldz@google.cn
Alvina,MacPake,amacpake10@ask.com
Lisle,Small,lsmall11@ted.com
Vite,Nisen,vnisen12@linkedin.com
Patton,Dei,pdei13@deviantart.com
Inglis,Cunah,icunah14@answers.com
Iosep,Aisbett,iaisbett15@washingtonpost.com
Charmain,Bortolutti,cbortolutti16@stanford.edu
Lucias,Scandroot,lscandroot17@quantcast.com
Eydie,Micklewright,emicklewright18@microsoft.com
Angelique,Sheere,asheere19@discovery.com
Jorgan,Brentnall,jbrentnall1a@xinhuanet.com
Betteann,Hadfield,bhadfield1b@yahoo.com
Odell,Southam,osoutham1c@bizjournals.com
Pammi,Locard,plocard1d@washington.edu
Willette,Nellen,wnellen1e@delicious.com
Thomasina,McDougall,tmcdougall1f@cyberchimps.com
Vail,Skains,vskains1g@samsung.com
Simonette,Raun,sraun1h@ycombinator.com
Pat,Tyers,ptyers1i@trellian.com
Orion,Cashman,ocashman1j@gravatar.com
Huntley,Bowker,hbowker1k@apache.org
Marge,Falconbridge,mfalconbridge1l@bandcamp.com
Ernest,Cowlard,ecowlard1m@youtube.com
Whitman,Ventam,wventam1n@sourceforge.net
Joletta,Pine,jpine1o@github.com
Sheila,Allman,sallman1p@woothemes.com
Jeremiah,McAw,jmcaw1q@arizona.edu
Nadine,Morrall,nmorrall1r@sakura.ne.jp
Marline,Kitchingman,mkitchingman1s@exblog.jp
Ruthanne,Bruford,rbruford1t@woothemes.com
Scarlet,Jiricka,sjiricka1u@answers.com
Yuri,Haukey,yhaukey1v@nytimes.com
Maurise,Schellig,mschellig1w@sbwire.com
Em,Farfolomeev,efarfolomeev1x@weibo.com
Amity,Thackray,athackray1y@yelp.com
Torie,Smartman,tsmartman1z@indiatimes.com
Kennett,Lamplough,klamplough20@google.ru
West,Mulloch,wmulloch21@shareasale.com
Rosemaria,Vasilischev,rvasilischev22@cyberchimps.com
Roobbie,Zamorrano,rzamorrano23@stumbleupon.com
Arlie,Ambage,aambage24@odnoklassniki.ru
Vi,Di Carlo,vdicarlo25@usgs.gov
Kiel,Huddleston,khuddleston26@soup.io
Gallagher,Week,gweek27@mtv.com
Syd,Vasiltsov,svasiltsov28@cnbc.com
Rennie,MacVay,rmacvay29@theatlantic.com
Jermaine,Bruineman,jbruineman2a@intel.com
Maribelle,Yve,myve2b@lycos.com
Stern,Ennor,sennor2c@wordpress.org
Farrand,Kenlin,fkenlin2d@sun.com
Jarret,Guichard,jguichard2e@ehow.com
Shawnee,Rodway,srodway2f@harvard.edu
Esta,Pauler,epauler2g@yellowbook.com
Roland,Livingston,rlivingston2h@t.co
Demeter,Kimberly,dkimberly2i@hud.gov
Honoria,Kunes,hkunes2j@biblegateway.com
Gisela,Folini,gfolini2k@plala.or.jp
Barthel,Linkin,blinkin2l@china.com.cn
Rosalinde,Lebang,rlebang2m@youtu.be
Tabb,Smelley,tsmelley2n@yahoo.com
Petunia,Dablin,pdablin2o@1und1.de
James,Schurig,jschurig2p@i2i.jp
Melva,Vereker,mvereker2q@amazonaws.com
Phillida,Libbis,plibbis2r@dyndns.org
